CustomerID;CompanyName;ContactName;ContactTitle;Address;City;Region;PostalCode;Country;Phone;Fax
NASCE;Nascetur Ltd;Ora W. Cohen;Lorem ipsum dolor;185-4814 Morbi Av.;Częstochowa;SL;40366;Senegal;(494) 521-9739;(898) 692-2444
FRING;Fringilla Porttitor Vulputate Limited;Allistair H. Poole;Lorem ipsum dolor;Ap #239-9980 Mauris St.;Wrocław;DS;22371-592;Chad;(815) 439-9784;(150) 709-6809
MAURI;Mauris Institute;Ora Z. Hughes;Lorem ipsum dolor;P.O. Box 677, 3225 Orci. Rd.;Cork;M;3971;Tajikistan;(153) 929-5198;(187) 471-4005
ANTEB;Ante Bibendum Industries;Dexter Campos;Lorem ipsum dolor;Ap #572-2080 Nam Road;Landelies;Henegouwen;7466;Tajikistan;(824) 809-0565;(698) 830-8890
SITAM;Sit Amet Consectetuer LLC;Whilemina Powell;Lorem ipsum;189-1618 Nibh Rd.;Bursa;Bursa;51202;Sudan;(817) 790-6289;(137) 357-6520
ETMAG;Et Magnis Foundation;Erin Y. Rice;Lorem;2261 Orci. Road;Kontich;Antwerpen;16651-175;Andorra;(504) 427-8988;(435) 156-0027
SENEC;Senectus LLC;Fulton Solomon;Lorem;P.O. Box 437, 7652 Egestas. St.;Overland Park;KS;2248;Cameroon;(501) 935-8398;(280) 930-6440
ETULT;Et Ultrices Posuere LLP;Katell L. Macdonald;Lorem ipsum;P.O. Box 935, 3796 Gravida Avenue;Talcahuano;VII;31302;Somalia;(716) 214-7796;(587) 136-3304
NULLA;Nullam Suscipit LLC;Adrian Z. Dillard;Lorem;P.O. Box 980, 6647 Cras Street;Vienna;Wie;5285;Niger;(182) 260-7824;(911) 841-4501
ORNAR;Ornare Tortor At Industries;Nathaniel Bishop;Lorem ipsum;Ap #243-5728 Non Rd.;Ulloa (Barrial);H;43460-961;India;(X25) X21-8387;(X25) X86-8916
ALIQU;Aliquet LLP;Hadassah Palmer;Lorem;2602 Donec Avenue;FlŽnu;HE;1523TU;Uzbekistan;(574) 310-9370;(372) 488-1586
PEDEA;Pede Ac Urna Corp.;Lucian Hunter;Lorem ipsum dolor;P.O. Box 857, 771 Et St.;Tarragona;CA;95713;Chile;(196) 743-3793;(889) 751-6832
TINCI;Tincidunt Nibh Limited;Aurelia Curry;Lorem;P.O. Box 207, 1894 Vulputate Rd.;Naarden;Noord Holland;62-750;Brunei;(811) 787-5775;(325) 343-7738
CRASI;Cras Inc.;Elijah Gray;Lorem;P.O. Box 411, 5769 Et Ave;Sint-Amandsberg;OV;602213;British Indian Ocean Territory;(614) 770-4585;(376) 280-8788
ORCIC;Orci Corp.;Noelle F. Marsh;Lorem ipsum;P.O. Box 527, 1965 Luctus Ave;Frederick;Maryland;44646;Timor-Leste;(974) 763-9052;(665) 660-7419
SCELE;Scelerisque Neque Nullam Corporation;Aspen Z. Dale;Lorem;712-4278 Vel St.;West Valley City;Utah;56273;Algeria;(552) 814-3779;(620) 287-1419
NECEN;Nec Enim Corporation;Craig N. Dale;Lorem ipsum dolor;P.O. Box 760, 242 Nibh. Ave;Istanbul;Ist;20713;Georgia;(573) 142-7684;(552) 398-4386
GRAVI;Gravida Molestie Arcu Institute;Chaney R. Hanson;Lorem;P.O. Box 474, 8276 Id St.;Orléans;CE;876179;Saint Lucia;(464) 690-1151;(635) 992-6330
VELIT;Velit In Aliquet Associates;Wang X. Good;Lorem;367-8044 Vel St.;Colomiers;MI;6166UT;Pitcairn Islands;(760) 815-9942;(818) 245-4208
ELITN;Elit Nulla Company;Cain Potter;Lorem ipsum dolor;P.O. Box 464, 7629 Risus Rd.;Darbhanga;BR;8008;Jamaica;(437) 561-2117;(629) 693-6064
PROIN;Proin Sed Corp.;Reagan Hays;Lorem;6989 Sem Road;Warri;Delta;1998;Somalia;(499) 857-9849;(811) 320-3206
LACUS;Lacus Pede LLC;Neil Meyer;Lorem;283-1839 Arcu. Avenue;Lagos;LA;89818-267;Swaziland;(863) 410-2442;(818) 415-1271
INTEG;Integer Limited;Tana Fowler;Lorem ipsum dolor;Ap #451-673 Velit Rd.;Istres;PR;4472;India;(184) 649-7635;(864) 844-3425
AGYIN;Nulla Aliquet Proin Ltd;Finn Bolton;Lorem ipsum dolor;Ap #595-7814 Mauris St.;Gaithersburg;Maryland;28899;Cocos (Keeling) Islands;(652) 926-9032;(492) 402-5141
MAGNA;Magna Et Corp.;Indira Cain;Lorem ipsum dolor;P.O. Box 785, 2155 Egestas. Rd.;Radom;MA;756717;Israel;(664) 862-5112;(360) 751-1323
RISUS;Risus Inc.;Ashton O. Wilson;Lorem ipsum dolor;288-9087 Lacus. St.;Horsham;Victoria;638032;Saint Pierre and Miquelon;(152) 616-8881;(668) 611-3262
PEDEP;Pede PC;Pamela Cain;Lorem;P.O. Box 328, 1660 Ac Road;Senneville;QC;57178;Saudi Arabia;(771) 390-4701;(614) 877-4354
UTSEM;Ut Semper Company;Teagan Norton;Lorem ipsum;P.O. Box 389, 5449 Sem Ave;Konin;Wielkopolskie;47522;Trinidad and Tobago;(246) 241-5710;(649) 305-2258
KATUU;Nulla Eu Corp.;Remedios T. Roberson;Lorem ipsum dolor;P.O. Box 607, 6593 Lacus. Ave;Llandrindod Wells;RA;12833;Ukraine;(873) 380-7231;(625) 753-5827
ACTEL;Ac Tellus Suspendisse LLC;Scott F. Harrison;Lorem ipsum;750-5042 Eget Avenue;Vienna;Wie;6294;Lesotho;(604) 970-6319;(951) 435-4603
LUCTU;Luctus Ipsum Leo Limited;Breanna Hicks;Lorem;220-2229 Duis Rd.;Kielce;Swiętokrzyskie;754258;Montenegro;(693) 321-1036;(985) 993-5453
TAURI;Mauris Ltd;Mechelle Nichols;Lorem ipsum dolor;Ap #369-2056 Ornare, Rd.;Belfast;U;4109;Guadeloupe;(676) 753-5800;(239) 111-5896
ELIQU;Aliquet Libero Consulting;Gwendolyn T. Riddle;Lorem ipsum;864-3249 Ut, Rd.;São Gonçalo;Rio de Janeiro;52061;Belize;(954) 134-2664;(194) 963-4106
SAPIE;Sapien Consulting;Evangeline Z. Stephens;Lorem;758-9241 Nec, Street;Montpellier;Quebec;213766;Virgin Islands, British;(790) 461-6678;(125) 606-9243
TRES;Nulla Ltd;Nissim N. Ellis;Lorem ipsum;P.O. Box 728, 8852 Nulla. Street;Agra;UP;8984;Egypt;(715) 488-3476;(635) 153-1649
DOLOR;Dolor Sit Associates;Mari Valentine;Lorem;361-8839 Odio. Rd.;Blenheim;SI;49748;Paraguay;(312) 153-8808;(932) 671-8096
PRAES;Praesent Limited;Jena I. Knapp;Lorem ipsum;3920 A, Road;Goulburn;New South Wales;172544;Mexico;(169) 404-2459;(709) 741-5107
VIVAM;Vivamus Inc.;Quentin U. Edwards;Lorem;Ap #797-245 Mattis Ave;Créteil;IL;Q0K 8GH;Moldova;(760) 886-9590;(755) 433-7997
BORNA;Ornare Lectus Justo Corp.;Sarah U. Kidd;Lorem ipsum dolor;Ap #765-7485 Maecenas Rd.;Galway;C;21443;Japan;(300) 358-2639;(106) 544-0187
NIBHD;Nibh Donec Associates;Alma G. Leonard;Lorem ipsum dolor;Ap #540-7426 Tincidunt St.;Istanbul;Ist;8515;Spain;(491) 217-4277;(583) 208-4219
CUMSO;Cum Sociis Institute;Bryar C. White;Lorem ipsum dolor;187-1961 Risus. Ave;Madrid;MA;6304;Eritrea;(587) 497-8627;(175) 121-0424
LECTU;Lectus Ltd;Erica Cote;Lorem ipsum;"723-3378 Curae; Avenue";Vienna;Vienna;43878;Lithuania;(595) 423-6697;(582) 111-5099
ADIPI;Adipiscing Associates;Vanna Mccall;Lorem;992-9729 Nascetur Rd.;Iowa City;Iowa;60562;Timor-Leste;(708) 194-0361;(376) 135-1056
NECMA;Nec Malesuada Ut PC;Darrel V. Hickman;Lorem ipsum dolor;2795 Nunc Av.;Pamplona;NA;8690IQ;Brazil;(605) 798-9563;(690) 469-9391
ATMAG;Et Magnis PC;Chadwick Gibbs;Lorem ipsum dolor;P.O. Box 509, 5918 Dui. St.;Vetlanda;Jönköpings län;20570;Tanzania;(828) 130-3099;(390) 701-0788
VITAE;Vitae Odio Incorporated;Fitzgerald Q. Mejia;Lorem ipsum;Ap #291-7356 Tempus Av.;Santander;Cantabria;4511;Bangladesh;(516) 493-9133;(165) 207-5265
ERATV;Erat Vivamus Nisi Industries;Tana Vasquez;Lorem;Ap #719-1362 At, Ave;Valley East;ON;37236;Mozambique;(357) 710-7619;(585) 170-1417
TRIST;Tristique Neque Incorporated;Mechelle Weiss;Lorem;P.O. Box 850, 2277 Pellentesque Avenue;Cork;Munster;G5X 7M3;Northern Mariana Islands;(972) 564-2133;(762) 342-1488
EUINS;Eu Institute;Magee M. Nash;Lorem;P.O. Box 728, 6955 Felis St.;Sydney;NSW;1585;Laos;(814) 160-6555;(496) 528-3011
UTMIF;Ut Mi Foundation;Sloane Henderson;Lorem;447-3482 Magnis St.;San Rafael;Alajuela;67674;Tanzania;(X24) X33-3782;(X24) X00-9955
MAGNI;Magnis LLP;Aphrodite Emerson;Lorem ipsum;P.O. Box 395, 6251 Consectetuer Rd.;Vienna;Vienna;8979;Uganda;(575) 983-3329;(961) 188-7642
AENEA;Aenean Eget Metus PC;Josiah Hall;Lorem ipsum dolor;160-8308 Orci Av.;Owerri;Imo;90449;Sweden;(554) 285-4888;(438) 398-6964
EUTUR;Eu Turpis Company;Xerxes Pearson;Lorem ipsum;330-4083 Mollis. Av.;Carapicuíba;SP;41303;Brazil;(884) 787-2228;(517) 115-7690
MATTI;Mattis Semper Dui Associates;Josiah Morales;Lorem ipsum;P.O. Box 364, 7326 Nibh Road;San Juan de Dios;San José;50478;Niue;(X25) X56-4564;(X25) X57-4849
ANTED;Ante Dictum Mi LLP;Catherine O. Walls;Lorem;107-8276 Tempor Street;Göksun;Kah;714550;Kiribati;(575) 434-2765;(426) 933-9036
TOLOR;Dolor Quam LLP;Eagan C. Powers;Lorem ipsum dolor;522-3008 Tellus Av.;Guarulhos;São Paulo;274495;Haiti;(963) 337-4771;(862) 412-7568
ASCEL;A Scelerisque Corp.;Upton Banks;Lorem ipsum;Ap #599-1363 Aliquet Road;San Isidro de El General;SJ;54564;Luxembourg;(X25) X48-6330;(X25) X88-5102
FOR;Nullam Nisl Maecenas Consulting;Sebastian Snow;Lorem ipsum;804-5557 Amet, St.;Liberia;G;73619;Northern Mariana Islands;(X26) X82-8707;(X26) X92-1998
FACIL;Facilisis Vitae Orci Corporation;Madeson Macias;Lorem;Ap #848-3332 Sapien, Road;Jemeppe-sur-Meuse;LU;30677;Cook Islands;(390) 152-6085;(257) 215-6494
ACORP;A Corporation;Dora Turner;Lorem ipsum;P.O. Box 695, 5860 Risus. Avenue;Crystal Springs;Alberta;T1Z 6J7;Malawi;(956) 342-9096;(650) 835-1125
MORBI;Morbi Sit Amet Company;Seth W. Wilder;Lorem ipsum;6900 Cras Rd.;Lochristi;OV;64180;South Sudan;(522) 115-0730;(542) 804-4032
KONEC;Donec Felis Orci Corporation;Quinn R. Morales;Lorem ipsum dolor;P.O. Box 172, 8544 Feugiat Ave;Borås;Västra Götalands län;50644;Reunion;(993) 113-3355;(936) 659-0201
FELIS;Felis Eget Varius Company;Sylvester Lopez;Lorem;882-4191 Massa. Rd.;Cork;M;7265;Azerbaijan;(894) 552-8917;(150) 601-6348
DONEC;Donec Corporation;Talon Stone;Lorem ipsum dolor;156-3439 Commodo Street;Caldera;Atacama;99381;Bouvet Island;(940) 162-4386;(932) 288-6983
PENTA;Nulla Corp.;Quinn P. Harrell;Lorem ipsum dolor;P.O. Box 101, 3776 Praesent Rd.;Galway;C;2442;Turkey;(903) 388-9586;(681) 204-5134
ARCUV;Arcu Vestibulum Ltd;Cedric V. Foreman;Lorem ipsum dolor;5613 Ante, Road;Braunschweig;NI;7993;Dominican Republic;(690) 105-8188;(612) 212-1823
SEPTA;Nulla Associates;Quinlan H. Farmer;Lorem ipsum dolor;Ap #336-3106 Iaculis Ave;Richmond;British Columbia;52-152;Solomon Islands;(618) 396-6268;(817) 888-4303
OCTA;Nulla Interdum Curabitur Associates;Amos F. Suarez;Lorem;Ap #815-3925 Vivamus Rd.;Trollhättan;O;61757;Sint Maarten;(713) 714-2518;(246) 779-2103
QUISQ;Quisque Porttitor Incorporated;Sandra Q. Conner;Lorem ipsum dolor;Ap #565-7948 Nec Avenue;Maringá;Paraná;3920;Mongolia;(477) 682-7368;(956) 575-0140
FROIN;Proin Vel LLP;Kimberly Owen;Lorem ipsum dolor;Ap #233-7899 Morbi Av.;Covington;Kentucky;T6S 9Y2;Cuba;(166) 200-7461;(388) 968-3762
CSERE;Scelerisque Inc.;Leroy Lamb;Lorem;1216 Massa Rd.;Cras-Avernas;Luik;46811;Switzerland;(868) 287-8508;(829) 238-7904
CICUS;Risus Company;Lila T. Anthony;Lorem;2293 Eget St.;Joondalup;Western Australia;9935;Japan;(658) 657-2129;(555) 786-9325
POSUE;Posuere Enim Incorporated;Kaye Skinner;Lorem;P.O. Box 959, 5137 Ut St.;Linköping;E;97639;Antarctica;(255) 771-9584;(156) 236-4696
NUNCS;Nunc Sed Associates;Jarrod Hansen;Lorem;P.O. Box 911, 1493 Lobortis Av.;Vienna;Vienna;96721;Saint Barthélemy;(195) 135-5424;(988) 580-4354
BLIQU;Aliquam Consulting;Ethan H. Mckenzie;Lorem;Ap #172-9665 Sit Rd.;Łódź;łódzkie;TC95 2JT;Greece;(511) 206-7060;(346) 633-9168
ALTD;A Ltd;Raja Clements;Lorem;204-8546 Sed Av.;Berlin;BE;7764BX;Seychelles;(102) 115-3915;(399) 787-7692
ARCUI;Arcu Iaculis LLC;Yardley T. Elliott;Lorem ipsum;P.O. Box 501, 6187 Pretium Avenue;Bleid;Luxemburg;X1K 5T9;Malawi;(183) 198-4047;(630) 521-8598
METUS;Metus Eu Erat Industries;Amery Bailey;Lorem;5545 Facilisis Street;Osasco;São Paulo;15083-343;Thailand;(500) 585-7534;(689) 415-9493
CONGU;Congue Elit Incorporated;Yuri Olson;Lorem ipsum dolor;P.O. Box 537, 6121 Duis Rd.;Beigem;VB;63-214;Martinique;(663) 673-8452;(366) 994-2259
NORBI;Morbi Corp.;John Y. Martinez;Lorem ipsum;P.O. Box 982, 5203 Augue Ave;Loverval;HE;58311;Syria;(187) 587-4650;(101) 832-8101
MIDUI;Mi Duis Risus Company;Maya X. Green;Lorem ipsum;5873 Vitae Ave;Cornwall;Ontario;79526;Romania;(684) 900-2996;(362) 359-0427
KIOSQ;Quisque Tincidunt Pede Company;Buffy F. Anthony;Lorem;Ap #311-1394 A Av.;Deventer;Ov;721449;Austria;(652) 976-9583;(401) 247-9396
ULTRI;Ultricies Dignissim LLC;Grady N. Caldwell;Lorem ipsum;P.O. Box 471, 1074 Mattis. St.;Täby;Stockholms län;64794-290;Palestine, State of;(556) 975-3294;(841) 128-9338
OMMAR;Ornare LLP;Macaulay U. Riley;Lorem;P.O. Box 783, 9177 Neque. Av.;Vanier;ON;111612;Uzbekistan;(572) 505-7680;(645) 161-5655
MUDRI;Ultrices Vivamus Industries;Noel Singleton;Lorem ipsum;4542 Cursus Road;Jonesboro;Arkansas;111069;Equatorial Guinea;(497) 332-8918;(827) 921-0247
PARTU;Parturient Montes Limited;Devin Battle;Lorem ipsum;225-1747 Donec St.;Stranraer;WI;32718;Kyrgyzstan;(860) 667-3261;(649) 419-7055
HUSTO;Justo Consulting;Colette G. Munoz;Lorem ipsum dolor;Ap #213-147 Malesuada Rd.;Bremerhaven;Bremen;93-531;Congo (Brazzaville);(423) 110-4218;(976) 221-5459
DICTA;Dictum Institute;Ursula Mueller;Lorem ipsum;P.O. Box 708, 4147 Pede St.;Biarritz;AQ;L2V 5Y0;Antarctica;(525) 250-9548;(236) 876-8324
AINCO;A Incorporated;Marsden Bowman;Lorem;677-130 Adipiscing St.;Palmerston North;NI;NF1R 7TF;Uzbekistan;(292) 136-8069;(135) 749-6972
JUSTO;Justo Incorporated;Talon X. Flynn;Lorem ipsum dolor;3592 Lectus Rd.;Owerri;IM;848;Virgin Islands, United States;(234) 184-5641;(178) 630-5103
QUAML;Quam LLC;Gavin Collins;Lorem ipsum dolor;Ap #801-2104 Egestas Ave;St. Thomas;ON;29395;Gabon;(136) 797-4206;(312) 335-0068
ZAURI;Mauris Sagittis Placerat Consulting;Vielka N. Vaughan;Lorem ipsum;8454 Ac Av.;Legnica;Dolnośląskie;7602;Iceland;(250) 604-1524;(839) 834-4158
NISLA;Nisl Arcu Iaculis Ltd;Madonna Fletcher;Lorem ipsum;423-3760 Semper Ave;Mildura;VIC;O60 2GO;Sierra Leone;(216) 922-8146;(839) 153-0399
IPSUM;Ipsum Suspendisse Institute;Lila K. Reid;Lorem ipsum;Ap #478-7802 Donec Ave;Apeldoorn;Gelderland;67163;South Sudan;(281) 692-6693;(203) 481-3665
EGEST;Egestas Nunc PC;Summer Mason;Lorem ipsum;553-9688 Vivamus Ave;Neerrepen;L.;94432;Tunisia;(170) 375-2315;(181) 222-9130
EPSUM;Ipsum Leo PC;Cally D. Farrell;Lorem ipsum dolor;Ap #351-9636 Aliquam Rd.;Canberra;ACT;1979;Myanmar;(681) 457-6382;(945) 684-6914
ALIDA;Aliquet Lobortis Nisi Foundation;Erica D. Hanson;Lorem ipsum;P.O. Box 558, 7691 Molestie Road;Bismil;Diyarbakır;687524;Togo;(147) 173-3361;(928) 998-9883
ENIMI;Enim Institute;Hillary F. Bryant;Lorem;Ap #630-9906 Eget Street;Racine;Wisconsin;21575;Dominica;(903) 496-2007;(429) 282-2721
DICTU;Dictum Consulting;Ciara F. Combs;Lorem ipsum;4077 Adipiscing Av.;Mataró;Catalunya;6138;Holy See (Vatican City State);(365) 732-7503;(363) 622-1083
EUTEL;Eu Tellus Eu LLP;Mark Oliver;Lorem ipsum dolor;P.O. Box 729, 3992 Eu, Street;Opole;OP;834322;Ecuador;(356) 141-5804;(557) 781-4331
